{
  "3d_viewer": {
    "background_bottom": "rgb(102, 102, 128)",
    "background_top": "rgb(204, 204, 230)",
    "board": "rgba(51, 43, 23, 0.902)",
    "copper": "rgb(179, 156, 0)",
    "silkscreen_bottom": "rgb(230, 230, 230)",
    "silkscreen_top": "rgb(230, 230, 230)",
    "soldermask_bottom": "rgba(20, 51, 36, 0.831)",
    "soldermask_top": "rgba(20, 51, 36, 0.831)",
    "solderpaste": "rgb(128, 128, 128)"
  },
  "board": {
    "anchor": "rgb(244, 184, 228)",
    "aux_items": "rgb(148, 156, 187)",
    "b_adhes": "rgb(242, 213, 207)",
    "b_crtyd": "rgb(153, 209, 219)",
    "b_fab": "rgb(88, 93, 132)",
    "b_mask": "rgba(153, 209, 219, 0.40)",
    "b_paste": "rgba(133, 193, 220, 0.90)",
    "b_silks": "rgb(181, 191, 226)",
    "background": "rgb(48, 52, 70)",
    "cmts_user": "rgb(131, 139, 167)",
    "conflicts_shadow": "rgba(231, 130, 132, 0.50)",
    "copper": {
      "b": "rgb(140, 170, 238)",
      "f": "rgb(231, 130, 132)",
      "in1": "rgb(166, 209, 137)",
      "in10": "rgb(237, 124, 51)",
      "in11": "rgb(91, 195, 235)",
      "in12": "rgb(247, 111, 142)",
      "in13": "rgb(167, 165, 198)",
      "in14": "rgb(40, 204, 217)",
      "in15": "rgb(232, 178, 167)",
      "in16": "rgb(242, 237, 161)",
      "in17": "rgb(237, 124, 51)",
      "in18": "rgb(91, 195, 235)",
      "in19": "rgb(247, 111, 142)",
      "in2": "rgb(229, 200, 144)",
      "in20": "rgb(167, 165, 198)",
      "in21": "rgb(40, 204, 217)",
      "in22": "rgb(232, 178, 167)",
      "in23": "rgb(242, 237, 161)",
      "in24": "rgb(237, 124, 51)",
      "in25": "rgb(91, 195, 235)",
      "in26": "rgb(247, 111, 142)",
      "in27": "rgb(167, 165, 198)",
      "in28": "rgb(40, 204, 217)",
      "in29": "rgb(232, 178, 167)",
      "in3": "rgb(79, 203, 203)",
      "in30": "rgb(242, 237, 161)",
      "in4": "rgb(219, 98, 139)",
      "in5": "rgb(167, 165, 198)",
      "in6": "rgb(40, 204, 217)",
      "in7": "rgb(232, 178, 167)",
      "in8": "rgb(242, 237, 161)",
      "in9": "rgb(141, 203, 129)"
    },
    "cursor": "rgb(242, 213, 207)",
    "drc_error": "rgba(231, 130, 132, 0.80)",
    "drc_exclusion": "rgba(140, 170, 238, 0.80)",
    "drc_warning": "rgba(229, 200, 144, 0.80)",
    "dwgs_user": "rgb(115, 121, 148)",
    "eco1_user": "rgb(180, 219, 210)",
    "eco2_user": "rgb(216, 200, 82)",
    "edge_cuts": "rgb(198, 208, 245)",
    "f_adhes": "rgb(239, 159, 118)",
    "f_crtyd": "rgb(202, 158, 230)",
    "f_fab": "rgb(175, 175, 175)",
    "f_mask": "rgba(202, 158, 230, 0.40)",
    "f_paste": "rgba(129, 200, 190, 0.90)",
    "f_silks": "rgb(165, 173, 206)",
    "footprint_text_invisible": "rgb(131, 139, 167)",
    "grid": "rgb(98, 104, 128)",
    "grid_axes": "rgb(165, 173, 206)",
    "locked_shadow": "rgba(244, 184, 228, 0.50)",
    "margin": "rgb(186, 187, 241)",
    "pad_plated_hole": "rgb(194, 194, 0)",
    "pad_through_hole": "rgb(229, 200, 144)",
    "page_limits": "rgb(115, 121, 148)",
    "plated_hole": "rgb(234, 153, 156)",
    "ratsnest": "rgba(153, 209, 219, 0.35)",
    "user_1": "rgb(194, 194, 194)",
    "user_2": "rgb(89, 148, 220)",
    "user_3": "rgb(180, 219, 210)",
    "user_4": "rgb(216, 200, 82)",
    "user_5": "rgb(194, 194, 194)",
    "user_6": "rgb(89, 148, 220)",
    "user_7": "rgb(180, 219, 210)",
    "user_8": "rgb(216, 200, 82)",
    "user_9": "rgb(232, 178, 167)",
    "via_blind_buried": "rgb(229, 200, 144)",
    "via_hole": "rgb(229, 200, 144)",
    "via_micro": "rgb(166, 209, 137)",
    "via_through": "rgb(115, 121, 148)",
    "worksheet": "rgb(198, 208, 245)"
  },
  "gerbview": {
    "axes": "rgb(0, 0, 132)",
    "background": "rgb(0, 0, 0)",
    "dcodes": "rgb(255, 255, 255)",
    "grid": "rgb(132, 132, 132)",
    "layers": [
      "rgb(200, 52, 52)",
      "rgb(127, 200, 127)",
      "rgb(206, 125, 44)",
      "rgb(79, 203, 203)",
      "rgb(219, 98, 139)",
      "rgb(167, 165, 198)",
      "rgb(40, 204, 217)",
      "rgb(232, 178, 167)",
      "rgb(242, 237, 161)",
      "rgb(141, 203, 129)",
      "rgb(237, 124, 51)",
      "rgb(91, 195, 235)",
      "rgb(247, 111, 142)",
      "rgb(77, 127, 196)",
      "rgb(200, 52, 52)",
      "rgb(127, 200, 127)",
      "rgb(206, 125, 44)",
      "rgb(79, 203, 203)",
      "rgb(219, 98, 139)",
      "rgb(167, 165, 198)",
      "rgb(40, 204, 217)",
      "rgb(232, 178, 167)",
      "rgb(242, 237, 161)",
      "rgb(141, 203, 129)",
      "rgb(237, 124, 51)",
      "rgb(91, 195, 235)",
      "rgb(247, 111, 142)",
      "rgb(77, 127, 196)",
      "rgb(200, 52, 52)",
      "rgb(127, 200, 127)",
      "rgb(206, 125, 44)",
      "rgb(79, 203, 203)",
      "rgb(219, 98, 139)",
      "rgb(167, 165, 198)",
      "rgb(40, 204, 217)",
      "rgb(232, 178, 167)",
      "rgb(242, 237, 161)",
      "rgb(141, 203, 129)",
      "rgb(237, 124, 51)",
      "rgb(91, 195, 235)",
      "rgb(247, 111, 142)",
      "rgb(77, 127, 196)",
      "rgb(200, 52, 52)",
      "rgb(127, 200, 127)",
      "rgb(206, 125, 44)",
      "rgb(79, 203, 203)",
      "rgb(219, 98, 139)",
      "rgb(167, 165, 198)",
      "rgb(40, 204, 217)",
      "rgb(232, 178, 167)",
      "rgb(242, 237, 161)",
      "rgb(141, 203, 129)",
      "rgb(237, 124, 51)",
      "rgb(91, 195, 235)",
      "rgb(247, 111, 142)",
      "rgb(77, 127, 196)",
      "rgb(200, 52, 52)",
      "rgb(127, 200, 127)",
      "rgb(206, 125, 44)",
      "rgb(79, 203, 203)"
    ],
    "negative_objects": "rgb(132, 132, 132)",
    "page_limits": "rgb(132, 132, 132)",
    "worksheet": "rgb(0, 0, 132)"
  },
  "meta": {
    "name": "Catppuccin Frappé",
    "version": 5
  },
  "schematic": {
    "anchor": "rgb(140, 170, 238)",
    "aux_items": "rgb(148, 156, 187)",
    "background": "rgb(48, 52, 70)",
    "brightened": "rgb(244, 184, 228)",
    "bus": "rgb(186, 187, 241)",
    "bus_junction": "rgb(186, 187, 241)",
    "component_body": "rgb(41, 44, 60)",
    "component_outline": "rgb(202, 158, 230)",
    "cursor": "rgb(242, 213, 207)",
    "dnp_marker": "rgba(231, 130, 132, 0.70)",
    "erc_error": "rgba(231, 130, 132, 0.80)",
    "erc_exclusion": "rgba(140, 170, 238, 0.80)",
    "erc_warning": "rgba(229, 200, 144, 0.80)",
    "fields": "rgb(140, 170, 238)",
    "grid": "rgb(98, 104, 128)",
    "grid_axes": "rgb(186, 187, 241)",
    "hidden": "rgb(131, 139, 167)",
    "hovered": "rgb(140, 170, 238)",
    "junction": "rgb(198, 208, 245)",
    "label_global": "rgb(202, 158, 230)",
    "label_hier": "rgb(242, 213, 207)",
    "label_local": "rgb(181, 191, 226)",
    "netclass_flag": "rgb(165, 173, 206)",
    "no_connect": "rgb(186, 187, 241)",
    "note": "rgb(186, 187, 241)",
    "note_background": "rgba(0, 0, 0, 0.000)",
    "op_currents": "rgb(231, 130, 132)",
    "op_voltages": "rgb(234, 153, 156)",
    "override_item_colors": false,
    "page_limits": "rgb(115, 121, 148)",
    "pin": "rgb(140, 170, 238)",
    "pin_name": "rgb(140, 170, 238)",
    "pin_number": "rgb(186, 187, 241)",
    "private_note": "rgb(186, 187, 241)",
    "reference": "rgb(181, 191, 226)",
    "shadow": "rgba(148, 156, 187, 0.53)",
    "sheet": "rgb(166, 209, 137)",
    "sheet_background": "rgba(255, 255, 255, 0.000)",
    "sheet_fields": "rgb(229, 200, 144)",
    "sheet_filename": "rgb(229, 200, 144)",
    "sheet_label": "rgb(242, 213, 207)",
    "sheet_name": "rgb(229, 200, 144)",
    "value": "rgb(181, 191, 226)",
    "wire": "rgb(198, 208, 245)",
    "worksheet": "rgb(198, 208, 245)"
  }
}
