{
  "3d_viewer": {
    "background_bottom": "rgb(102, 102, 128)",
    "background_top": "rgb(204, 204, 230)",
    "board": "rgba(51, 43, 23, 0.902)",
    "copper": "rgb(179, 156, 0)",
    "silkscreen_bottom": "rgb(230, 230, 230)",
    "silkscreen_top": "rgb(230, 230, 230)",
    "soldermask_bottom": "rgba(20, 51, 36, 0.831)",
    "soldermask_top": "rgba(20, 51, 36, 0.831)",
    "solderpaste": "rgb(128, 128, 128)"
  },
  "board": {
    "anchor": "rgb(245, 189, 230)",
    "aux_items": "rgb(147, 154, 183)",
    "b_adhes": "rgb(244, 219, 214)",
    "b_crtyd": "rgb(145, 215, 227)",
    "b_fab": "rgb(88, 93, 132)",
    "b_mask": "rgba(145, 215, 227, 0.40)",
    "b_paste": "rgba(125, 196, 228, 0.90)",
    "b_silks": "rgb(184, 192, 224)",
    "background": "rgb(36, 39, 58)",
    "cmts_user": "rgb(128, 135, 162)",
    "conflicts_shadow": "rgba(237, 135, 150, 0.50)",
    "copper": {
      "b": "rgb(138, 173, 244)",
      "f": "rgb(237, 135, 150)",
      "in1": "rgb(166, 218, 149)",
      "in10": "rgb(237, 124, 51)",
      "in11": "rgb(91, 195, 235)",
      "in12": "rgb(247, 111, 142)",
      "in13": "rgb(167, 165, 198)",
      "in14": "rgb(40, 204, 217)",
      "in15": "rgb(232, 178, 167)",
      "in16": "rgb(242, 237, 161)",
      "in17": "rgb(237, 124, 51)",
      "in18": "rgb(91, 195, 235)",
      "in19": "rgb(247, 111, 142)",
      "in2": "rgb(238, 212, 159)",
      "in20": "rgb(167, 165, 198)",
      "in21": "rgb(40, 204, 217)",
      "in22": "rgb(232, 178, 167)",
      "in23": "rgb(242, 237, 161)",
      "in24": "rgb(237, 124, 51)",
      "in25": "rgb(91, 195, 235)",
      "in26": "rgb(247, 111, 142)",
      "in27": "rgb(167, 165, 198)",
      "in28": "rgb(40, 204, 217)",
      "in29": "rgb(232, 178, 167)",
      "in3": "rgb(79, 203, 203)",
      "in30": "rgb(242, 237, 161)",
      "in4": "rgb(219, 98, 139)",
      "in5": "rgb(167, 165, 198)",
      "in6": "rgb(40, 204, 217)",
      "in7": "rgb(232, 178, 167)",
      "in8": "rgb(242, 237, 161)",
      "in9": "rgb(141, 203, 129)"
    },
    "cursor": "rgb(244, 219, 214)",
    "drc_error": "rgba(237, 135, 150, 0.80)",
    "drc_exclusion": "rgba(138, 173, 244, 0.80)",
    "drc_warning": "rgba(238, 212, 159, 0.80)",
    "dwgs_user": "rgb(110, 115, 141)",
    "eco1_user": "rgb(180, 219, 210)",
    "eco2_user": "rgb(216, 200, 82)",
    "edge_cuts": "rgb(202, 211, 245)",
    "f_adhes": "rgb(245, 169, 127)",
    "f_crtyd": "rgb(198, 160, 246)",
    "f_fab": "rgb(175, 175, 175)",
    "f_mask": "rgba(198, 160, 246, 0.40)",
    "f_paste": "rgba(139, 213, 202, 0.90)",
    "f_silks": "rgb(165, 173, 203)",
    "footprint_text_invisible": "rgb(128, 135, 162)",
    "grid": "rgb(91, 96, 120)",
    "grid_axes": "rgb(165, 173, 203)",
    "locked_shadow": "rgba(245, 189, 230, 0.50)",
    "margin": "rgb(183, 189, 248)",
    "pad_plated_hole": "rgb(194, 194, 0)",
    "pad_through_hole": "rgb(238, 212, 159)",
    "page_limits": "rgb(110, 115, 141)",
    "plated_hole": "rgb(238, 153, 160)",
    "ratsnest": "rgba(145, 215, 227, 0.35)",
    "user_1": "rgb(194, 194, 194)",
    "user_2": "rgb(89, 148, 220)",
    "user_3": "rgb(180, 219, 210)",
    "user_4": "rgb(216, 200, 82)",
    "user_5": "rgb(194, 194, 194)",
    "user_6": "rgb(89, 148, 220)",
    "user_7": "rgb(180, 219, 210)",
    "user_8": "rgb(216, 200, 82)",
    "user_9": "rgb(232, 178, 167)",
    "via_blind_buried": "rgb(238, 212, 159)",
    "via_hole": "rgb(238, 212, 159)",
    "via_micro": "rgb(166, 218, 149)",
    "via_through": "rgb(110, 115, 141)",
    "worksheet": "rgb(202, 211, 245)"
  },
  "gerbview": {
    "axes": "rgb(0, 0, 132)",
    "background": "rgb(0, 0, 0)",
    "dcodes": "rgb(255, 255, 255)",
    "grid": "rgb(132, 132, 132)",
    "layers": [
      "rgb(200, 52, 52)",
      "rgb(127, 200, 127)",
      "rgb(206, 125, 44)",
      "rgb(79, 203, 203)",
      "rgb(219, 98, 139)",
      "rgb(167, 165, 198)",
      "rgb(40, 204, 217)",
      "rgb(232, 178, 167)",
      "rgb(242, 237, 161)",
      "rgb(141, 203, 129)",
      "rgb(237, 124, 51)",
      "rgb(91, 195, 235)",
      "rgb(247, 111, 142)",
      "rgb(77, 127, 196)",
      "rgb(200, 52, 52)",
      "rgb(127, 200, 127)",
      "rgb(206, 125, 44)",
      "rgb(79, 203, 203)",
      "rgb(219, 98, 139)",
      "rgb(167, 165, 198)",
      "rgb(40, 204, 217)",
      "rgb(232, 178, 167)",
      "rgb(242, 237, 161)",
      "rgb(141, 203, 129)",
      "rgb(237, 124, 51)",
      "rgb(91, 195, 235)",
      "rgb(247, 111, 142)",
      "rgb(77, 127, 196)",
      "rgb(200, 52, 52)",
      "rgb(127, 200, 127)",
      "rgb(206, 125, 44)",
      "rgb(79, 203, 203)",
      "rgb(219, 98, 139)",
      "rgb(167, 165, 198)",
      "rgb(40, 204, 217)",
      "rgb(232, 178, 167)",
      "rgb(242, 237, 161)",
      "rgb(141, 203, 129)",
      "rgb(237, 124, 51)",
      "rgb(91, 195, 235)",
      "rgb(247, 111, 142)",
      "rgb(77, 127, 196)",
      "rgb(200, 52, 52)",
      "rgb(127, 200, 127)",
      "rgb(206, 125, 44)",
      "rgb(79, 203, 203)",
      "rgb(219, 98, 139)",
      "rgb(167, 165, 198)",
      "rgb(40, 204, 217)",
      "rgb(232, 178, 167)",
      "rgb(242, 237, 161)",
      "rgb(141, 203, 129)",
      "rgb(237, 124, 51)",
      "rgb(91, 195, 235)",
      "rgb(247, 111, 142)",
      "rgb(77, 127, 196)",
      "rgb(200, 52, 52)",
      "rgb(127, 200, 127)",
      "rgb(206, 125, 44)",
      "rgb(79, 203, 203)"
    ],
    "negative_objects": "rgb(132, 132, 132)",
    "page_limits": "rgb(132, 132, 132)",
    "worksheet": "rgb(0, 0, 132)"
  },
  "meta": {
    "name": "Catppuccin Macchiato",
    "version": 5
  },
  "schematic": {
    "anchor": "rgb(138, 173, 244)",
    "aux_items": "rgb(147, 154, 183)",
    "background": "rgb(36, 39, 58)",
    "brightened": "rgb(245, 189, 230)",
    "bus": "rgb(183, 189, 248)",
    "bus_junction": "rgb(183, 189, 248)",
    "component_body": "rgb(30, 32, 48)",
    "component_outline": "rgb(198, 160, 246)",
    "cursor": "rgb(244, 219, 214)",
    "dnp_marker": "rgba(237, 135, 150, 0.70)",
    "erc_error": "rgba(237, 135, 150, 0.80)",
    "erc_exclusion": "rgba(138, 173, 244, 0.80)",
    "erc_warning": "rgba(238, 212, 159, 0.80)",
    "fields": "rgb(138, 173, 244)",
    "grid": "rgb(91, 96, 120)",
    "grid_axes": "rgb(183, 189, 248)",
    "hidden": "rgb(128, 135, 162)",
    "hovered": "rgb(138, 173, 244)",
    "junction": "rgb(202, 211, 245)",
    "label_global": "rgb(198, 160, 246)",
    "label_hier": "rgb(244, 219, 214)",
    "label_local": "rgb(184, 192, 224)",
    "netclass_flag": "rgb(165, 173, 203)",
    "no_connect": "rgb(183, 189, 248)",
    "note": "rgb(183, 189, 248)",
    "note_background": "rgba(0, 0, 0, 0.000)",
    "op_currents": "rgb(237, 135, 150)",
    "op_voltages": "rgb(238, 153, 160)",
    "override_item_colors": false,
    "page_limits": "rgb(110, 115, 141)",
    "pin": "rgb(138, 173, 244)",
    "pin_name": "rgb(138, 173, 244)",
    "pin_number": "rgb(183, 189, 248)",
    "private_note": "rgb(183, 189, 248)",
    "reference": "rgb(184, 192, 224)",
    "shadow": "rgba(147, 154, 183, 0.53)",
    "sheet": "rgb(166, 218, 149)",
    "sheet_background": "rgba(255, 255, 255, 0.000)",
    "sheet_fields": "rgb(238, 212, 159)",
    "sheet_filename": "rgb(238, 212, 159)",
    "sheet_label": "rgb(244, 219, 214)",
    "sheet_name": "rgb(238, 212, 159)",
    "value": "rgb(184, 192, 224)",
    "wire": "rgb(202, 211, 245)",
    "worksheet": "rgb(202, 211, 245)"
  }
}
