{
  "3d_viewer": {
    "background_bottom": "rgb(102, 102, 128)",
    "background_top": "rgb(204, 204, 230)",
    "board": "rgba(51, 43, 23, 0.902)",
    "copper": "rgb(179, 156, 0)",
    "silkscreen_bottom": "rgb(230, 230, 230)",
    "silkscreen_top": "rgb(230, 230, 230)",
    "soldermask_bottom": "rgba(20, 51, 36, 0.831)",
    "soldermask_top": "rgba(20, 51, 36, 0.831)",
    "solderpaste": "rgb(128, 128, 128)"
  },
  "board": {
    "anchor": "rgb(245, 194, 231)",
    "aux_items": "rgb(147, 153, 178)",
    "b_adhes": "rgb(245, 224, 220)",
    "b_crtyd": "rgb(137, 220, 235)",
    "b_fab": "rgb(88, 93, 132)",
    "b_mask": "rgba(137, 220, 235, 0.40)",
    "b_paste": "rgba(116, 199, 236, 0.90)",
    "b_silks": "rgb(186, 194, 222)",
    "background": "rgb(30, 30, 46)",
    "cmts_user": "rgb(127, 132, 156)",
    "conflicts_shadow": "rgba(243, 139, 168, 0.50)",
    "copper": {
      "b": "rgb(137, 180, 250)",
      "f": "rgb(243, 139, 168)",
      "in1": "rgb(166, 227, 161)",
      "in10": "rgb(237, 124, 51)",
      "in11": "rgb(91, 195, 235)",
      "in12": "rgb(247, 111, 142)",
      "in13": "rgb(167, 165, 198)",
      "in14": "rgb(40, 204, 217)",
      "in15": "rgb(232, 178, 167)",
      "in16": "rgb(242, 237, 161)",
      "in17": "rgb(237, 124, 51)",
      "in18": "rgb(91, 195, 235)",
      "in19": "rgb(247, 111, 142)",
      "in2": "rgb(249, 226, 175)",
      "in20": "rgb(167, 165, 198)",
      "in21": "rgb(40, 204, 217)",
      "in22": "rgb(232, 178, 167)",
      "in23": "rgb(242, 237, 161)",
      "in24": "rgb(237, 124, 51)",
      "in25": "rgb(91, 195, 235)",
      "in26": "rgb(247, 111, 142)",
      "in27": "rgb(167, 165, 198)",
      "in28": "rgb(40, 204, 217)",
      "in29": "rgb(232, 178, 167)",
      "in3": "rgb(79, 203, 203)",
      "in30": "rgb(242, 237, 161)",
      "in4": "rgb(219, 98, 139)",
      "in5": "rgb(167, 165, 198)",
      "in6": "rgb(40, 204, 217)",
      "in7": "rgb(232, 178, 167)",
      "in8": "rgb(242, 237, 161)",
      "in9": "rgb(141, 203, 129)"
    },
    "cursor": "rgb(245, 224, 220)",
    "drc_error": "rgba(243, 139, 168, 0.80)",
    "drc_exclusion": "rgba(137, 180, 250, 0.80)",
    "drc_warning": "rgba(249, 226, 175, 0.80)",
    "dwgs_user": "rgb(108, 112, 134)",
    "eco1_user": "rgb(180, 219, 210)",
    "eco2_user": "rgb(216, 200, 82)",
    "edge_cuts": "rgb(205, 214, 244)",
    "f_adhes": "rgb(250, 179, 135)",
    "f_crtyd": "rgb(203, 166, 247)",
    "f_fab": "rgb(175, 175, 175)",
    "f_mask": "rgba(203, 166, 247, 0.40)",
    "f_paste": "rgba(148, 226, 213, 0.90)",
    "f_silks": "rgb(166, 173, 200)",
    "footprint_text_invisible": "rgb(127, 132, 156)",
    "grid": "rgb(88, 91, 112)",
    "grid_axes": "rgb(166, 173, 200)",
    "locked_shadow": "rgba(245, 194, 231, 0.50)",
    "margin": "rgb(180, 190, 254)",
    "pad_plated_hole": "rgb(194, 194, 0)",
    "pad_through_hole": "rgb(249, 226, 175)",
    "page_limits": "rgb(108, 112, 134)",
    "plated_hole": "rgb(235, 160, 172)",
    "ratsnest": "rgba(137, 220, 235, 0.35)",
    "user_1": "rgb(194, 194, 194)",
    "user_2": "rgb(89, 148, 220)",
    "user_3": "rgb(180, 219, 210)",
    "user_4": "rgb(216, 200, 82)",
    "user_5": "rgb(194, 194, 194)",
    "user_6": "rgb(89, 148, 220)",
    "user_7": "rgb(180, 219, 210)",
    "user_8": "rgb(216, 200, 82)",
    "user_9": "rgb(232, 178, 167)",
    "via_blind_buried": "rgb(249, 226, 175)",
    "via_hole": "rgb(249, 226, 175)",
    "via_micro": "rgb(166, 227, 161)",
    "via_through": "rgb(108, 112, 134)",
    "worksheet": "rgb(205, 214, 244)"
  },
  "gerbview": {
    "axes": "rgb(0, 0, 132)",
    "background": "rgb(0, 0, 0)",
    "dcodes": "rgb(255, 255, 255)",
    "grid": "rgb(132, 132, 132)",
    "layers": [
      "rgb(200, 52, 52)",
      "rgb(127, 200, 127)",
      "rgb(206, 125, 44)",
      "rgb(79, 203, 203)",
      "rgb(219, 98, 139)",
      "rgb(167, 165, 198)",
      "rgb(40, 204, 217)",
      "rgb(232, 178, 167)",
      "rgb(242, 237, 161)",
      "rgb(141, 203, 129)",
      "rgb(237, 124, 51)",
      "rgb(91, 195, 235)",
      "rgb(247, 111, 142)",
      "rgb(77, 127, 196)",
      "rgb(200, 52, 52)",
      "rgb(127, 200, 127)",
      "rgb(206, 125, 44)",
      "rgb(79, 203, 203)",
      "rgb(219, 98, 139)",
      "rgb(167, 165, 198)",
      "rgb(40, 204, 217)",
      "rgb(232, 178, 167)",
      "rgb(242, 237, 161)",
      "rgb(141, 203, 129)",
      "rgb(237, 124, 51)",
      "rgb(91, 195, 235)",
      "rgb(247, 111, 142)",
      "rgb(77, 127, 196)",
      "rgb(200, 52, 52)",
      "rgb(127, 200, 127)",
      "rgb(206, 125, 44)",
      "rgb(79, 203, 203)",
      "rgb(219, 98, 139)",
      "rgb(167, 165, 198)",
      "rgb(40, 204, 217)",
      "rgb(232, 178, 167)",
      "rgb(242, 237, 161)",
      "rgb(141, 203, 129)",
      "rgb(237, 124, 51)",
      "rgb(91, 195, 235)",
      "rgb(247, 111, 142)",
      "rgb(77, 127, 196)",
      "rgb(200, 52, 52)",
      "rgb(127, 200, 127)",
      "rgb(206, 125, 44)",
      "rgb(79, 203, 203)",
      "rgb(219, 98, 139)",
      "rgb(167, 165, 198)",
      "rgb(40, 204, 217)",
      "rgb(232, 178, 167)",
      "rgb(242, 237, 161)",
      "rgb(141, 203, 129)",
      "rgb(237, 124, 51)",
      "rgb(91, 195, 235)",
      "rgb(247, 111, 142)",
      "rgb(77, 127, 196)",
      "rgb(200, 52, 52)",
      "rgb(127, 200, 127)",
      "rgb(206, 125, 44)",
      "rgb(79, 203, 203)"
    ],
    "negative_objects": "rgb(132, 132, 132)",
    "page_limits": "rgb(132, 132, 132)",
    "worksheet": "rgb(0, 0, 132)"
  },
  "meta": {
    "name": "Catppuccin Mocha",
    "version": 5
  },
  "schematic": {
    "anchor": "rgb(137, 180, 250)",
    "aux_items": "rgb(147, 153, 178)",
    "background": "rgb(30, 30, 46)",
    "brightened": "rgb(245, 194, 231)",
    "bus": "rgb(180, 190, 254)",
    "bus_junction": "rgb(180, 190, 254)",
    "component_body": "rgb(24, 24, 37)",
    "component_outline": "rgb(203, 166, 247)",
    "cursor": "rgb(245, 224, 220)",
    "dnp_marker": "rgba(243, 139, 168, 0.70)",
    "erc_error": "rgba(243, 139, 168, 0.80)",
    "erc_exclusion": "rgba(137, 180, 250, 0.80)",
    "erc_warning": "rgba(249, 226, 175, 0.80)",
    "fields": "rgb(137, 180, 250)",
    "grid": "rgb(88, 91, 112)",
    "grid_axes": "rgb(180, 190, 254)",
    "hidden": "rgb(127, 132, 156)",
    "hovered": "rgb(137, 180, 250)",
    "junction": "rgb(205, 214, 244)",
    "label_global": "rgb(203, 166, 247)",
    "label_hier": "rgb(245, 224, 220)",
    "label_local": "rgb(186, 194, 222)",
    "netclass_flag": "rgb(166, 173, 200)",
    "no_connect": "rgb(180, 190, 254)",
    "note": "rgb(180, 190, 254)",
    "note_background": "rgba(0, 0, 0, 0.000)",
    "op_currents": "rgb(243, 139, 168)",
    "op_voltages": "rgb(235, 160, 172)",
    "override_item_colors": false,
    "page_limits": "rgb(108, 112, 134)",
    "pin": "rgb(137, 180, 250)",
    "pin_name": "rgb(137, 180, 250)",
    "pin_number": "rgb(180, 190, 254)",
    "private_note": "rgb(180, 190, 254)",
    "reference": "rgb(186, 194, 222)",
    "shadow": "rgba(147, 153, 178, 0.53)",
    "sheet": "rgb(166, 227, 161)",
    "sheet_background": "rgba(255, 255, 255, 0.000)",
    "sheet_fields": "rgb(249, 226, 175)",
    "sheet_filename": "rgb(249, 226, 175)",
    "sheet_label": "rgb(245, 224, 220)",
    "sheet_name": "rgb(249, 226, 175)",
    "value": "rgb(186, 194, 222)",
    "wire": "rgb(205, 214, 244)",
    "worksheet": "rgb(205, 214, 244)"
  }
}
