{
  "3d_viewer": {
    "background_bottom": "rgb(102, 102, 128)",
    "background_top": "rgb(204, 204, 230)",
    "board": "rgba(51, 43, 23, 0.902)",
    "copper": "rgb(179, 156, 0)",
    "silkscreen_bottom": "rgb(230, 230, 230)",
    "silkscreen_top": "rgb(230, 230, 230)",
    "soldermask_bottom": "rgba(20, 51, 36, 0.831)",
    "soldermask_top": "rgba(20, 51, 36, 0.831)",
    "solderpaste": "rgb(128, 128, 128)"
  },
  "board": {
    "anchor": "rgb(234, 118, 203)",
    "aux_items": "rgb(124, 127, 147)",
    "b_adhes": "rgb(220, 138, 120)",
    "b_crtyd": "rgb(4, 165, 229)",
    "b_fab": "rgb(88, 93, 132)",
    "b_mask": "rgba(4, 165, 229, 0.40)",
    "b_paste": "rgba(32, 159, 181, 0.90)",
    "b_silks": "rgb(92, 95, 119)",
    "background": "rgb(239, 241, 245)",
    "cmts_user": "rgb(140, 143, 161)",
    "conflicts_shadow": "rgba(210, 15, 57, 0.50)",
    "copper": {
      "b": "rgb(30, 102, 245)",
      "f": "rgb(210, 15, 57)",
      "in1": "rgb(64, 160, 43)",
      "in10": "rgb(237, 124, 51)",
      "in11": "rgb(91, 195, 235)",
      "in12": "rgb(247, 111, 142)",
      "in13": "rgb(167, 165, 198)",
      "in14": "rgb(40, 204, 217)",
      "in15": "rgb(232, 178, 167)",
      "in16": "rgb(242, 237, 161)",
      "in17": "rgb(237, 124, 51)",
      "in18": "rgb(91, 195, 235)",
      "in19": "rgb(247, 111, 142)",
      "in2": "rgb(223, 142, 29)",
      "in20": "rgb(167, 165, 198)",
      "in21": "rgb(40, 204, 217)",
      "in22": "rgb(232, 178, 167)",
      "in23": "rgb(242, 237, 161)",
      "in24": "rgb(237, 124, 51)",
      "in25": "rgb(91, 195, 235)",
      "in26": "rgb(247, 111, 142)",
      "in27": "rgb(167, 165, 198)",
      "in28": "rgb(40, 204, 217)",
      "in29": "rgb(232, 178, 167)",
      "in3": "rgb(79, 203, 203)",
      "in30": "rgb(242, 237, 161)",
      "in4": "rgb(219, 98, 139)",
      "in5": "rgb(167, 165, 198)",
      "in6": "rgb(40, 204, 217)",
      "in7": "rgb(232, 178, 167)",
      "in8": "rgb(242, 237, 161)",
      "in9": "rgb(141, 203, 129)"
    },
    "cursor": "rgb(220, 138, 120)",
    "drc_error": "rgba(210, 15, 57, 0.80)",
    "drc_exclusion": "rgba(30, 102, 245, 0.80)",
    "drc_warning": "rgba(223, 142, 29, 0.80)",
    "dwgs_user": "rgb(156, 160, 176)",
    "eco1_user": "rgb(180, 219, 210)",
    "eco2_user": "rgb(216, 200, 82)",
    "edge_cuts": "rgb(76, 79, 105)",
    "f_adhes": "rgb(254, 100, 11)",
    "f_crtyd": "rgb(136, 57, 239)",
    "f_fab": "rgb(175, 175, 175)",
    "f_mask": "rgba(136, 57, 239, 0.40)",
    "f_paste": "rgba(23, 146, 153, 0.90)",
    "f_silks": "rgb(108, 111, 133)",
    "footprint_text_invisible": "rgb(140, 143, 161)",
    "grid": "rgb(172, 176, 190)",
    "grid_axes": "rgb(108, 111, 133)",
    "locked_shadow": "rgba(234, 118, 203, 0.50)",
    "margin": "rgb(114, 135, 253)",
    "pad_plated_hole": "rgb(194, 194, 0)",
    "pad_through_hole": "rgb(223, 142, 29)",
    "page_limits": "rgb(156, 160, 176)",
    "plated_hole": "rgb(230, 69, 83)",
    "ratsnest": "rgba(4, 165, 229, 0.35)",
    "user_1": "rgb(194, 194, 194)",
    "user_2": "rgb(89, 148, 220)",
    "user_3": "rgb(180, 219, 210)",
    "user_4": "rgb(216, 200, 82)",
    "user_5": "rgb(194, 194, 194)",
    "user_6": "rgb(89, 148, 220)",
    "user_7": "rgb(180, 219, 210)",
    "user_8": "rgb(216, 200, 82)",
    "user_9": "rgb(232, 178, 167)",
    "via_blind_buried": "rgb(223, 142, 29)",
    "via_hole": "rgb(223, 142, 29)",
    "via_micro": "rgb(64, 160, 43)",
    "via_through": "rgb(156, 160, 176)",
    "worksheet": "rgb(76, 79, 105)"
  },
  "gerbview": {
    "axes": "rgb(0, 0, 132)",
    "background": "rgb(0, 0, 0)",
    "dcodes": "rgb(255, 255, 255)",
    "grid": "rgb(132, 132, 132)",
    "layers": [
      "rgb(200, 52, 52)",
      "rgb(127, 200, 127)",
      "rgb(206, 125, 44)",
      "rgb(79, 203, 203)",
      "rgb(219, 98, 139)",
      "rgb(167, 165, 198)",
      "rgb(40, 204, 217)",
      "rgb(232, 178, 167)",
      "rgb(242, 237, 161)",
      "rgb(141, 203, 129)",
      "rgb(237, 124, 51)",
      "rgb(91, 195, 235)",
      "rgb(247, 111, 142)",
      "rgb(77, 127, 196)",
      "rgb(200, 52, 52)",
      "rgb(127, 200, 127)",
      "rgb(206, 125, 44)",
      "rgb(79, 203, 203)",
      "rgb(219, 98, 139)",
      "rgb(167, 165, 198)",
      "rgb(40, 204, 217)",
      "rgb(232, 178, 167)",
      "rgb(242, 237, 161)",
      "rgb(141, 203, 129)",
      "rgb(237, 124, 51)",
      "rgb(91, 195, 235)",
      "rgb(247, 111, 142)",
      "rgb(77, 127, 196)",
      "rgb(200, 52, 52)",
      "rgb(127, 200, 127)",
      "rgb(206, 125, 44)",
      "rgb(79, 203, 203)",
      "rgb(219, 98, 139)",
      "rgb(167, 165, 198)",
      "rgb(40, 204, 217)",
      "rgb(232, 178, 167)",
      "rgb(242, 237, 161)",
      "rgb(141, 203, 129)",
      "rgb(237, 124, 51)",
      "rgb(91, 195, 235)",
      "rgb(247, 111, 142)",
      "rgb(77, 127, 196)",
      "rgb(200, 52, 52)",
      "rgb(127, 200, 127)",
      "rgb(206, 125, 44)",
      "rgb(79, 203, 203)",
      "rgb(219, 98, 139)",
      "rgb(167, 165, 198)",
      "rgb(40, 204, 217)",
      "rgb(232, 178, 167)",
      "rgb(242, 237, 161)",
      "rgb(141, 203, 129)",
      "rgb(237, 124, 51)",
      "rgb(91, 195, 235)",
      "rgb(247, 111, 142)",
      "rgb(77, 127, 196)",
      "rgb(200, 52, 52)",
      "rgb(127, 200, 127)",
      "rgb(206, 125, 44)",
      "rgb(79, 203, 203)"
    ],
    "negative_objects": "rgb(132, 132, 132)",
    "page_limits": "rgb(132, 132, 132)",
    "worksheet": "rgb(0, 0, 132)"
  },
  "meta": {
    "name": "Catppuccin Latte",
    "version": 5
  },
  "schematic": {
    "anchor": "rgb(30, 102, 245)",
    "aux_items": "rgb(124, 127, 147)",
    "background": "rgb(239, 241, 245)",
    "brightened": "rgb(234, 118, 203)",
    "bus": "rgb(114, 135, 253)",
    "bus_junction": "rgb(114, 135, 253)",
    "component_body": "rgb(230, 233, 239)",
    "component_outline": "rgb(136, 57, 239)",
    "cursor": "rgb(220, 138, 120)",
    "dnp_marker": "rgba(210, 15, 57, 0.70)",
    "erc_error": "rgba(210, 15, 57, 0.80)",
    "erc_exclusion": "rgba(30, 102, 245, 0.80)",
    "erc_warning": "rgba(223, 142, 29, 0.80)",
    "fields": "rgb(30, 102, 245)",
    "grid": "rgb(172, 176, 190)",
    "grid_axes": "rgb(114, 135, 253)",
    "hidden": "rgb(140, 143, 161)",
    "hovered": "rgb(30, 102, 245)",
    "junction": "rgb(76, 79, 105)",
    "label_global": "rgb(136, 57, 239)",
    "label_hier": "rgb(220, 138, 120)",
    "label_local": "rgb(92, 95, 119)",
    "netclass_flag": "rgb(108, 111, 133)",
    "no_connect": "rgb(114, 135, 253)",
    "note": "rgb(114, 135, 253)",
    "note_background": "rgba(0, 0, 0, 0.000)",
    "op_currents": "rgb(210, 15, 57)",
    "op_voltages": "rgb(230, 69, 83)",
    "override_item_colors": false,
    "page_limits": "rgb(156, 160, 176)",
    "pin": "rgb(30, 102, 245)",
    "pin_name": "rgb(30, 102, 245)",
    "pin_number": "rgb(114, 135, 253)",
    "private_note": "rgb(114, 135, 253)",
    "reference": "rgb(92, 95, 119)",
    "shadow": "rgba(124, 127, 147, 0.53)",
    "sheet": "rgb(64, 160, 43)",
    "sheet_background": "rgba(255, 255, 255, 0.000)",
    "sheet_fields": "rgb(223, 142, 29)",
    "sheet_filename": "rgb(223, 142, 29)",
    "sheet_label": "rgb(220, 138, 120)",
    "sheet_name": "rgb(223, 142, 29)",
    "value": "rgb(92, 95, 119)",
    "wire": "rgb(76, 79, 105)",
    "worksheet": "rgb(76, 79, 105)"
  }
}
